<?xml version="1.0" encoding="UTF-8"?>
<mule xmlns="http://www.mulesoft.org/schema/mule/core" xmlns:doc="http://www.mulesoft.org/schema/mule/documentation" xmlns:xsi="http://www.w3.org/2001/XMLSchema-instance" xmlns:http="http://www.mulesoft.org/schema/mule/http" xmlns:vm="http://www.mulesoft.org/schema/mule/vm" xmlns:jms="http://www.mulesoft.org/schema/mule/jms" xmlns:pattern="http://www.mulesoft.org/schema/mule/pattern" xmlns:spring="http://www.springframework.org/schema/beans" xmlns:scripting="http://www.mulesoft.org/schema/mule/scripting" xsi:schemaLocation="http://www.springframework.org/schema/beans http://www.springframework.org/schema/beans/spring-beans-current.xsd    http://www.mulesoft.org/schema/mule/scripting http://www.mulesoft.org/schema/mule/scripting/current/mule-scripting.xsd http://www.mulesoft.org/schema/mule/core http://www.mulesoft.org/schema/mule/core/current/mule.xsd http://www.mulesoft.org/schema/mule/http http://www.mulesoft.org/schema/mule/http/current/mule-http.xsd http://www.mulesoft.org/schema/mule/jms http://www.mulesoft.org/schema/mule/jms/3.1/mule-jms.xsd http://www.mulesoft.org/schema/mule/pattern http://www.mulesoft.org/schema/mule/pattern/current/mule-pattern.xsd http://www.mulesoft.org/schema/mule/vm http://www.mulesoft.org/schema/mule/vm/current/mule-vm.xsd" version="3.4.1">


    <jms:activemq-connector name="jmsConnector" persistentDelivery="true" durable="true" brokerURL="tcp://localhost:61616" doc:name="Active MQ" clientId="1"/>

    <jms:activemq-xa-connector name="jmsXAConnector" persistentDelivery="true" durable="true" brokerURL="tcp://localhost:61616" doc:name="Active MQ"/>

    <spring:beans>
        <!--<spring:import resource="spring-mule-config.xml"/>-->
    <spring:bean name="AfterJsonTransformer" class="com.ucweb.esb.transformer.AfterJsonTransformer"/><spring:bean name="BeforeJsonTransformer" class="com.ucweb.esb.transformer.BeforeJsonTransformer"/></spring:beans>

    <!--<custom-transformer name="UCBeforeJsonTransformer" class="com.ucweb.esb.com.ucweb.esb.transformer.UCTransformer" doc:name="UCBeforeJsonTransformer">-->
    <!--<spring:property name="dataTransformer" ref="BeforeJsonTransformer"/>-->
    <!--</custom-transformer>-->
    <!--<custom-transformer name="UCAfterJsonTransformer" class="com.ucweb.esb.com.ucweb.esb.transformer.UCTransformer" doc:name="UCAfterJsonTransformer">-->
    <!--<spring:property name="dataTransformer" ref="AfterJsonTransformer"/>-->
    <!--</custom-transformer>-->

    <byte-array-to-string-transformer name="byte-to-string"/>
    <string-to-byte-array-transformer name="string-to-byte"/>

    <!--<pattern:http-proxy name="logjson-proxy" transformer-refs="byte-to-string UCBeforeJsonTransformer"-->
    <!--responseTransformer-refs="byte-to-string UCAfterJsonTransformer"-->
    <!--inboundAddress="http://10.1.45.208:7070/logjson"-->
    <!--outboundAddress="http://10.1.45.208:9000/logjson">-->
    <!--</pattern:http-proxy>-->


<custom-transformer name="UCBeforeJsonTransformer" class="com.ucweb.esb.transformer.UCTransformer"><spring:property name="dataTransformer" ref="BeforeJsonTransformer"/></custom-transformer><custom-transformer name="UCAfterJsonTransformer" class="com.ucweb.esb.transformer.UCTransformer"><spring:property name="dataTransformer" ref="AfterJsonTransformer"/></custom-transformer><pattern:http-proxy name="logjson-pattern" transformer-refs="byte-to-string UCBeforeJsonTransformer" responseTransformer-refs="byte-to-string UCAfterJsonTransformer" inboundAddress="http://localhost:9999/logjson" outboundAddress="http://localhost:9999/logjson"/><pattern:http-proxy name="getjson-pattern" transformer-refs="byte-to-string " responseTransformer-refs="byte-to-string " inboundAddress="http://localhost:9999/getjson" outboundAddress="http://localhost:9999/getjson"/><flow name="finance-send"><http:inbound-endpoint address="http://localhost:9999/topic/send"/><expression-filter expression="#[message.inboundProperties['http.method'] == 'POST']"/><byte-array-to-string-transformer/><jms:outbound-endpoint topic="VirtualTopic.finance" connector-ref="jmsConnector"/></flow><flow name="finance-receive-1"><http:inbound-endpoint address="http://localhost:9999/topic/receive1"/><expression-filter expression="#[message.inboundProperties['http.method'] == 'GET']"/><scripting:component><scripting:script engine="groovy" file="mq.groovy"><property key="hostName" value="queue:VirtualTopic.finance"/><property key="connectorRef" value="jmsConnector"/></scripting:script></scripting:component></flow><flow name="finance-receive-2"><http:inbound-endpoint address="http://localhost:9999/topic/receive2"/><expression-filter expression="#[message.inboundProperties['http.method'] == 'GET']"/><scripting:component><scripting:script engine="groovy" file="mq.groovy"><property key="hostName" value="queue:VirtualTopic.finance"/><property key="connectorRef" value="jmsConnector"/></scripting:script></scripting:component></flow><flow name="finance-receive-3"><http:inbound-endpoint address="http://localhost:9999/topic/receive3"/><expression-filter expression="#[message.inboundProperties['http.method'] == 'GET']"/><scripting:component><scripting:script engine="groovy" file="mq.groovy"><property key="hostName" value="queue:VirtualTopic.finance"/><property key="connectorRef" value="jmsConnector"/></scripting:script></scripting:component></flow><flow name="finance-receive-4"><http:inbound-endpoint address="http://localhost:9999/topic/receive4"/><expression-filter expression="#[message.inboundProperties['http.method'] == 'GET']"/><scripting:component><scripting:script engine="groovy" file="mq.groovy"><property key="hostName" value="queue:VirtualTopic.finance"/><property key="connectorRef" value="jmsConnector"/></scripting:script></scripting:component></flow></mule>