<?xml version="1.0" encoding="UTF-8"?>
<mule xmlns="http://www.mulesoft.org/schema/mule/core" xmlns:doc="http://www.mulesoft.org/schema/mule/documentation" xmlns:xsi="http://www.w3.org/2001/XMLSchema-instance" xmlns:http="http://www.mulesoft.org/schema/mule/http" xmlns:vm="http://www.mulesoft.org/schema/mule/vm" xmlns:jms="http://www.mulesoft.org/schema/mule/jms" xmlns:pattern="http://www.mulesoft.org/schema/mule/pattern" xmlns:spring="http://www.springframework.org/schema/beans" xmlns:scripting="http://www.mulesoft.org/schema/mule/scripting" xsi:schemaLocation="http://www.springframework.org/schema/beans http://www.springframework.org/schema/beans/spring-beans-current.xsd    http://www.mulesoft.org/schema/mule/scripting http://www.mulesoft.org/schema/mule/scripting/current/mule-scripting.xsd http://www.mulesoft.org/schema/mule/core http://www.mulesoft.org/schema/mule/core/current/mule.xsd http://www.mulesoft.org/schema/mule/http http://www.mulesoft.org/schema/mule/http/current/mule-http.xsd http://www.mulesoft.org/schema/mule/jms http://www.mulesoft.org/schema/mule/jms/current/mule-jms.xsd http://www.mulesoft.org/schema/mule/pattern http://www.mulesoft.org/schema/mule/pattern/current/mule-pattern.xsd http://www.mulesoft.org/schema/mule/vm http://www.mulesoft.org/schema/mule/vm/current/mule-vm.xsd" version="3.4.1">


    <jms:activemq-connector name="jmsConnector" persistentDelivery="true" durable="true" brokerURL="tcp://localhost:61616" doc:name="Active MQ" clientId="9cb4a183-5d07-417a-9ea4-d062572e16eb"/>

    <jms:activemq-xa-connector name="jmsXAConnector" brokerURL="tcp://localhost:61616" doc:name="Active MQ" clientId="fdeaaac9-8b19-4235-989f-f308b68dd696"/>


    <spring:beans>
        <spring:bean name="defaultGlobalExceptionHandler" class="com.ucweb.esb.component.ExceptionHandler">
        </spring:bean>
        <!--<spring:import resource="spring-mule-config.xml"/>-->
    <spring:bean name="ActionDataProcessor" class="com.ucweb.esb.processor.ActionDataProcessor"/><spring:bean name="JsonProcessor" class="com.ucweb.esb.processor.JsonProcessor"/><spring:bean name="ActionExceptionProcessor" class="com.ucweb.esb.processor.ActionExceptionProcessor"/></spring:beans>

    <!--<custom-transformer name="UCBeforeJsonTransformer" class="com.ucweb.esb.com.ucweb.esb.transformer.UCTransformer" doc:name="UCBeforeJsonTransformer">-->
    <!--<spring:property name="dataTransformer" ref="BeforeJsonTransformer"/>-->
    <!--</custom-transformer>-->
    <!--<custom-transformer name="UCAfterJsonTransformer" class="com.ucweb.esb.com.ucweb.esb.transformer.UCTransformer" doc:name="UCAfterJsonTransformer">-->
    <!--<spring:property name="dataTransformer" ref="AfterJsonTransformer"/>-->
    <!--</custom-transformer>-->

    <byte-array-to-string-transformer name="byte-to-string"/>
    <string-to-byte-array-transformer name="string-to-byte"/>

    <!--<pattern:http-proxy name="logjson-proxy" transformer-refs="byte-to-string UCBeforeJsonTransformer"-->
    <!--responseTransformer-refs="byte-to-string UCAfterJsonTransformer"-->
    <!--inboundAddress="http://10.1.45.208:7070/logjson"-->
    <!--outboundAddress="http://10.1.45.208:9000/logjson">-->
    <!--</pattern:http-proxy>-->


<flow name="logjson"><http:inbound-endpoint exchange-pattern="request-response" address="http://10.1.45.208:9999/logjson"/><byte-array-to-string-transformer/><custom-interceptor class="com.ucweb.esb.interceptor.ESBInterceptor"><spring:property name="processor" ref="JsonProcessor"/></custom-interceptor><http:outbound-endpoint exchange-pattern="request-response" address="http://10.1.45.208:9000/logjson?#[message.inboundProperties['http.query.string']]"><copy-properties propertyName="http.*"/><response><byte-array-to-string-transformer/></response></http:outbound-endpoint><choice-exception-strategy><catch-exception-strategy><component><spring-object bean="defaultGlobalExceptionHandler"/></component></catch-exception-strategy></choice-exception-strategy></flow><flow name="getjson"><http:inbound-endpoint exchange-pattern="request-response" address="http://10.1.45.208:9999/getjson"/><byte-array-to-string-transformer/><custom-interceptor class="com.ucweb.esb.interceptor.ESBInterceptor"/><http:outbound-endpoint exchange-pattern="request-response" address="http://10.1.45.208:9000/getjson?#[message.inboundProperties['http.query.string']]"><copy-properties propertyName="http.*"/><response><byte-array-to-string-transformer/></response></http:outbound-endpoint><choice-exception-strategy><catch-exception-strategy><component><spring-object bean="defaultGlobalExceptionHandler"/></component></catch-exception-strategy></choice-exception-strategy></flow><flow name="invokeAction"><http:inbound-endpoint exchange-pattern="request-response" address="http://10.1.45.208:9999/action/invoke"/><scripting:component><scripting:script engine="groovy" file="service_monitor.groovy"><property key="serviceMonitorUrl" value="http://localhost:9000/service/check"/></scripting:script></scripting:component><byte-array-to-string-transformer/><custom-interceptor class="com.ucweb.esb.interceptor.ESBInterceptor"><spring:property name="processor" ref="ActionDataProcessor"/></custom-interceptor><http:outbound-endpoint exchange-pattern="request-response" address="http://10.1.45.208:9000/action/invoke?#[message.inboundProperties['http.query.string']]"><copy-properties propertyName="http.*"/><response><byte-array-to-string-transformer/></response></http:outbound-endpoint><choice-exception-strategy><catch-exception-strategy when="#[exception.causedBy(com.ucweb.esb.exception.InvalidServiceException)]"><scripting:component><scripting:script engine="groovy" file="invalid_service_exception_handler.groovy"/></scripting:component></catch-exception-strategy><catch-exception-strategy when="#[exception.causedBy(com.ucweb.esb.exception.InterceptorException)]"><component><spring-object bean="ActionExceptionProcessor"/></component></catch-exception-strategy><catch-exception-strategy><component><spring-object bean="defaultGlobalExceptionHandler"/></component></catch-exception-strategy></choice-exception-strategy></flow><flow name="finance-send"><http:inbound-endpoint address="http://10.1.45.208:9999/topic/send"/><expression-filter expression="#[message.inboundProperties['http.method'] == 'POST']"/><byte-array-to-string-transformer/><jms:outbound-endpoint topic="VirtualTopic.finance" connector-ref="jmsConnector"/></flow><flow name="finance-receive-1"><http:inbound-endpoint address="http://10.1.45.208:9999/topic/receive1"/><expression-filter expression="#[message.inboundProperties['http.method'] == 'GET']"/><scripting:component><scripting:script engine="groovy" file="mq.groovy"><property key="hostName" value="queue:Consumer.1.VirtualTopic.finance"/><property key="connectorRef" value="jmsConnector"/></scripting:script></scripting:component></flow><flow name="finance-receive-2"><http:inbound-endpoint address="http://10.1.45.208:9999/topic/receive2"/><expression-filter expression="#[message.inboundProperties['http.method'] == 'GET']"/><scripting:component><scripting:script engine="groovy" file="mq.groovy"><property key="hostName" value="queue:Consumer.2.VirtualTopic.finance"/><property key="connectorRef" value="jmsConnector"/></scripting:script></scripting:component></flow><flow name="finance-receive-3"><http:inbound-endpoint address="http://10.1.45.208:9999/topic/receive3"/><expression-filter expression="#[message.inboundProperties['http.method'] == 'GET']"/><scripting:component><scripting:script engine="groovy" file="mq.groovy"><property key="hostName" value="queue:Consumer.3.VirtualTopic.finance"/><property key="connectorRef" value="jmsConnector"/></scripting:script></scripting:component></flow><flow name="finance-receive-4"><http:inbound-endpoint address="http://10.1.45.208:9999/topic/receive4"/><expression-filter expression="#[message.inboundProperties['http.method'] == 'GET']"/><scripting:component><scripting:script engine="groovy" file="mq.groovy"><property key="hostName" value="queue:Consumer.4.VirtualTopic.finance"/><property key="connectorRef" value="jmsConnector"/></scripting:script></scripting:component></flow></mule>